"Позначка часу","Як Вас звати?","Стать?","На якому курсі Ви навчаєтесь?","Чи маєте Ви досвід роботи за спеціальністю?","Чи достатньо Вам практичних навичок, які Ви отримуєте/отримували в університеті?","Чи хотіли б Ви мати можливість стажуватися у компанії (за спеціальністю) під час навчання?","Якщо Вам, за допомогою цього додатку, вдалося влаштуватися на роботу за спеціальністю. Чи готові Ви протягом першого року роботи сплачувати певний процент від заробітної плати на покращення та вдосконалення ВНЗ? ","Якщо у Вас є якісь пропозиції, ідеї або критика щодо цього проекту, то напишіть їх, будь ласка. Нам цікава Ваша думка! "
"2018/09/26 2:56:51 пп GMT","Khris","Жінка","3 курс","Ні","Ні","Так","3-4%","Виправ чолівік на чоловік"
"2018/09/26 3:09:18 пп GMT","Роман","Чоловік","3 курс","Ні","Ні","Так","3-4%",""
"2018/09/26 3:14:05 пп GMT","Таня","Жінка","3 курс","Ні","Ні","Так","3-4%","А не мало питань? "
"2018/09/26 3:51:46 пп GMT","Вінні Пух","Чоловік","3 курс","Ні","Частково","Так","1-2%",""
"2018/09/26 4:01:44 пп GMT","Oleh","Чоловік","Закінчили ВНЗ","Так","Частково","Так","Не готовий",""
"2018/09/26 4:06:07 пп GMT","Яринка","Жінка","3 курс","Ні","Ні","Так","3-4%","на які саме покращення витрачатимуться кошти ?"
"2018/09/26 4:08:18 пп GMT","Зара","Чоловік","2 курс","Так","Ні","Так","1-2%","Потрібно щоб всі компанії які беруть в тому участь не просто брази студентів які будуть спостерігати а ще й за потрачений час мінімально компенсовувала його у виплатах для більшого заохочення."
"2018/09/26 4:14:28 пп GMT","Назар","Чоловік","5-6 курси","Так","Ні","Так","5-6%",""
"2018/09/26 4:23:41 пп GMT","Петро","Чоловік","3 курс","Ні","Ні","Так","Не готовий",""
"2018/09/26 4:23:44 пп GMT","Марта ","Жінка","Закінчили ВНЗ","Так","Ні","Так","1-2%",""
"2018/09/26 4:28:14 пп GMT","Роман","Чоловік","3 курс","Ні","Ні","Так","1-2%",""
"2018/09/26 5:19:20 пп GMT","Юлія ","Жінка","Школяр","Ні","Ні","Так","1-2%",""
"2018/10/02 6:57:37 дп GMT","Міша","Чоловік","2 курс","Ні","Частково","Так","3-4%",""
"2018/10/02 6:58:25 дп GMT","Саша","Чоловік","4 курс","Так","Частково","Стажуюсь","5-6%",""
"2018/10/02 7:00:03 дп GMT","Леслав","Чоловік","2 курс","Ні","Ні","Так","1-2%",""
"2018/10/02 7:03:18 дп GMT","Олексій ","Чоловік","3 курс","Ні","Ні","Так","3-4%",""
"2018/10/02 7:03:45 дп GMT","Юрій ","Чоловік","1 курс","Ні","Частково","Так","1-2%",""
"2018/10/02 7:09:11 дп GMT","Соломія","Жінка","Школяр","Ні","Так","Так","1-2%",""
"2018/10/02 7:10:09 дп GMT","Степан","Чоловік","Школяр","Ні","Частково","Так","Не готовий",""
"2018/10/02 7:13:33 дп GMT","Анастасія","Жінка","2 курс","Ні","Ні","Так","3-4%","Можливість стажування у різноманітних компаніях була б дійсно чудовою ідеєю. Я вважаю, що найважливіше це знайти максимум ""айті-контор"", які хотіли б співпрацювати.
 Бажаю успіху :)"
"2018/10/02 7:16:19 дп GMT","Христина","Жінка","3 курс","Ні","Ні","Так","3-4%","Студенти можуть бути не спостерігачами, а учасниками проекту. Проводити опитування, робити дослідження."
"2018/10/02 7:18:59 дп GMT","Богдан","Чоловік","Інше","Так","Частково","Так","1-2%",""
"2018/10/02 7:20:27 дп GMT","Роман ","Чоловік","2 курс","Ні","Ні","Так","5-6%",""
"2018/10/02 7:27:10 дп GMT","Микола","Чоловік","2 курс","Ні","Ні","Так","3-4%",""
"2018/10/02 7:28:15 дп GMT","Юрій","Чоловік","1 курс","Ні","Ні","Так","1-2%",""
"2018/10/02 7:37:01 дп GMT","Олена","Жінка","1 курс","Ні","Частково","Так","Не готовий",""
"2018/10/02 7:46:20 дп GMT","Ostap","Чоловік","3 курс","Так","Ні","Так","7-10%","Цікавий та необхідний проект, з нетерпінням чекаю на реалізацію)"
"2018/10/02 7:53:49 дп GMT","Василь","Чоловік","3 курс","Ні","Частково","Так","1-2%",""
"2018/10/02 7:55:34 дп GMT","Святік","Чоловік","4 курс","Так","Частково","Так","3-4%",""
"2018/10/02 8:12:58 дп GMT","Оксана","Жінка","3 курс","Ні","Ні","Так","1-2%",""
"2018/10/02 8:18:10 дп GMT","Андрій","Чоловік","1 курс","Ні","Ні","Так","1-2%",""
"2018/10/02 9:58:55 дп GMT","Олена","Жінка","Інше","Так","Ні","Так","1-2%",""
"2018/10/02 9:59:05 дп GMT","Христина","Жінка","4 курс","Так","Частково","Так","1-2%",""
"2018/10/02 9:59:22 дп GMT","Надія","Жінка","Інше","Так","Ні","Так","1-2%",""
"2018/10/02 10:10:56 дп GMT","Ольга","Жінка","Закінчили ВНЗ","Так","Ні","Так","3-4%",""
"2018/10/02 10:17:06 дп GMT","Марія","Жінка","Інше","Так","Частково","Так","Не готовий",""
"2018/10/02 10:30:51 дп GMT","Роман","Чоловік","Школяр","Ні","Ні","Так","Не готовий",""
"2018/10/02 10:32:23 дп GMT","Андрій","Чоловік","Школяр","Ні","Ні","Так","7-10%",""
"2018/10/02 10:37:12 дп GMT","Роман","Чоловік","3 курс","Ні","Ні","Так","1-2%",""
"2018/10/02 11:13:39 дп GMT","unicorn","Чоловік","3 курс","Ні","Ні","Так","5-6%","Все супер, хочу стати співзасновником цього проекту. 
P. S. Владос красава)"
"2018/10/02 11:16:42 дп GMT","Олена","Жінка","2 курс","Ні","Так","Так","3-4%",""
"2018/10/02 11:21:22 дп GMT","Вероніка","Жінка","1 курс","Так","Так","Так","1-2%",""
"2018/10/02 11:22:08 дп GMT","Дарина","Жінка","2 курс","Ні","Частково","Так","1-2%",""
"2018/10/02 11:27:51 дп GMT","Юлія","Жінка","1 курс","Ні","Частково","Так","3-4%",""
"2018/10/02 11:29:01 дп GMT","Тетяна","Жінка","1 курс","Ні","Так","Так","3-4%",""
"2018/10/02 11:29:22 дп GMT","Анатолій","Чоловік","3 курс","Ні","Частково","Так","1-2%",""
"2018/10/02 11:32:11 дп GMT","Катерина Ясіновська ","Жінка","1 курс","Ні","Ні","Так","3-4%",""
"2018/10/02 11:37:00 дп GMT","Усміхнений Пінгвін","Чоловік","3 курс","Так","Так","Так","5-6%","Успіхів у реалізації!"
"2018/10/02 11:39:24 дп GMT","Катерина","Жінка","1 курс","Ні","Частково","Так","1-2%",""
"2018/10/02 11:56:51 дп GMT","Andy","Чоловік","Інше","Так","Ні","Так","Не готовий",""
"2018/10/02 11:56:51 дп GMT","Чебан Леся","Жінка","2 курс","Ні","Частково","Так","1-2%",""
"2018/10/02 12:02:13 пп GMT","Збудовський Роман","Чоловік","1 курс","Ні","Частково","Так","5-6%",""
"2018/10/02 12:03:48 пп GMT","Ярослава","Жінка","1 курс","Ні","Частково","Так","3-4%",""
"2018/10/02 12:04:09 пп GMT","Інна","Жінка","Закінчили ВНЗ","Так","Так","Так","1-2%",""
"2018/10/02 12:07:33 пп GMT","Марта","Жінка","3 курс","Ні","Частково","Так","3-4%",""
"2018/10/02 12:14:58 пп GMT","Юстина","Жінка","2 курс","Ні","Частково","Так","Не готовий",""
"2018/10/02 12:16:53 пп GMT","Іванка","Жінка","1 курс","Так","Частково","Так","1-2%",""
"2018/10/02 12:17:43 пп GMT","Марта ","Жінка","2 курс","Ні","Частково","Так","1-2%",""
"2018/10/02 12:42:00 пп GMT","Саша","Чоловік","Школяр","Ні","Так","Ні","1-2%",""
"2018/10/02 12:43:50 пп GMT","Богдан ","Чоловік","Школяр","Ні","Так","Так","3-4%",""
"2018/10/02 12:48:36 пп GMT","Катерина","Жінка","2 курс","Так","Частково","Так","5-6%",""
"2018/10/02 1:02:06 пп GMT","Марина Дрогобецкі","Жінка","1 курс","Ні","Так","Так","5-6%",""
"2018/10/02 1:05:44 пп GMT","Аня","Жінка","3 курс","Ні","Ні","Так","1-2%",""
"2018/10/02 1:59:16 пп GMT","Юрій","Чоловік","1 курс","Ні","Ні","Так","3-4%","Додайте в описі проектів:
1)Назви професій залучених у проект і чим вони займаються
2)спеціальності ВНЗ(бакалавріат і магітерка) які підпадають під цей проект
3)які знання потрібно мати щоб могти працювати(влаштуватися) за цими професіями, які долучені до проекту
4)орієнтовні зарплати в цій фірмі по цих спеціалізаціях "
"2018/10/02 2:20:53 пп GMT","Хомин Софія","Жінка","1 курс","Ні","Частково","Так","3-4%",""
"2018/10/02 2:35:51 пп GMT","Марія","Жінка","5-6 курси","Ні","Частково","Так","1-2%",""
"2018/10/02 3:53:35 пп GMT","Лілія","Жінка","3 курс","Ні","Частково","Так","3-4%",""
"2018/10/02 3:54:01 пп GMT","Ліза","Жінка","3 курс","Ні","Частково","Так","1-2%",""
"2018/10/02 4:02:45 пп GMT","Віка","Жінка","3 курс","Так","Частково","Так","Не готовий",""
"2018/10/02 4:09:52 пп GMT","остап роїк)","Чоловік","3 курс","Так","Частково","Так","3-4%",""
"2018/10/02 4:12:13 пп GMT","Мацьків Оксана","Жінка","1 курс","Ні","Так","Так","3-4%",""
"2018/10/02 4:12:39 пп GMT","Андрій ","Чоловік","3 курс","Ні","Ні","Так","1-2%",""
"2018/10/02 4:12:40 пп GMT","Дарина","Жінка","3 курс","Ні","Ні","Так","Не готовий",""
"2018/10/02 4:12:49 пп GMT","Борис","Чоловік","3 курс","Ні","Ні","Так","1-2%",""
"2018/10/02 4:30:05 пп GMT","Назар","Чоловік","3 курс","Ні","Частково","Так","Не готовий","Нема"
"2018/10/02 4:39:44 пп GMT","Марія ","Жінка","3 курс","Ні","Частково","Так","3-4%",""
"2018/10/02 5:19:52 пп GMT","Олег","Чоловік","3 курс","Ні","Так","Так","7-10%",""
"2018/10/02 5:22:20 пп GMT","Ольга","Жінка","3 курс","Ні","Ні","Так","Не готовий",""
"2018/10/02 5:22:24 пп GMT","Христина","Жінка","2 курс","Так","Частково","Так","Не готовий",""
"2018/10/02 5:43:04 пп GMT","Галина","Жінка","Закінчили ВНЗ","Так","Ні","Так","5-6%",""
"2018/10/02 5:47:03 пп GMT","Крістіна","Жінка","3 курс","Ні","Ні","Так","1-2%",""
"2018/10/02 5:50:28 пп GMT","Віталіна","Жінка","3 курс","Ні","Ні","Так","7-10%",""
"2018/10/02 5:58:53 пп GMT","Аня","Жінка","2 курс","Ні","Ні","Так","5-6%",""
"2018/10/02 6:01:06 пп GMT","Валентина","Жінка","2 курс","Ні","Частково","Так","3-4%",""
"2018/10/02 6:01:38 пп GMT","Юля","Жінка","Школяр","Ні","Ні","Так","3-4%",""
"2018/10/02 6:08:35 пп GMT","Оля","Жінка","2 курс","Так","Так","Так","1-2%",""
"2018/10/02 6:24:13 пп GMT","Бокал","Чоловік","3 курс","Ні","Ні","Так","7-10%",""
"2018/10/02 6:42:31 пп GMT","Сашко","Чоловік","2 курс","Ні","Ні","Так","3-4%","Класна ідея."
"2018/10/02 7:35:55 пп GMT","Павло","Чоловік","3 курс","Ні","Ні","Ні","Не готовий",""
"2018/10/02 7:41:33 пп GMT","Володя","Чоловік","5-6 курси","Так","Частково","Так","3-4%",""
"2018/10/02 7:41:33 пп GMT","Василь","Чоловік","Закінчили ВНЗ","Так","Ні","Так","3-4%",""
"2018/10/02 7:42:55 пп GMT","Дмитро","Чоловік","Закінчили ВНЗ","Так","Частково","Так","3-4%",""
"2018/10/02 7:52:26 пп GMT","Оля","Жінка","3 курс","Так","Ні","Так","1-2%",""
"2018/10/02 7:56:33 пп GMT","Зіновій","Чоловік","4 курс","Так","Частково","Так","5-6%","Думаю це чудова ідея, але потрібно такі умови поставити, щоб компанії були готові взяти студента на 90%"
"2018/10/02 7:59:07 пп GMT","Андрій","Чоловік","Закінчили ВНЗ","Ні","Ні","Ні","Не готовий",""
"2018/10/02 8:00:10 пп GMT","Колька","Чоловік","4 курс","Так","Ні","Так","3-4%","Потрібно придумати, чим воно відрізнятиметься від фріланс бірж і полегшить пошук роботи для студентів без досвіду"
"2018/10/02 8:01:31 пп GMT","Юля","Жінка","Школяр","Ні","Ні","Так","1-2%",""
"2018/10/02 8:02:21 пп GMT","Андрій","Чоловік","3 курс","Ні","Частково","Так","5-6%",""
"2018/10/02 8:07:13 пп GMT","Анна","Жінка","2 курс","Ні","Ні","Так","3-4%","Крута ідея, обов'язково скористаюсь)"
"2018/10/02 8:07:24 пп GMT","Назарій","Чоловік","3 курс","Ні","Ні","Так","5-6%",""
"2018/10/02 8:08:07 пп GMT","St","Чоловік","4 курс","Так","Ні","Так","3-4%",""
"2018/10/02 8:18:22 пп GMT","Оксана","Жінка","Закінчили ВНЗ","Так","Ні","Так","3-4%","Можна встановитт фіксовану суму за користування додатком як це робить LinkedIn, це легше пніж відстежувати хто влаштувався на роботу використовуючи додаток)"
"2018/10/02 8:23:16 пп GMT","Роман","Чоловік","3 курс","Так","Ні","Стажуюсь","1-2%","З опису не до кінця зрозуміло чи буде студент практикуватись.(але одне із запитань допомагає в цьому розібратись). Така пропизиція в першу чергу стосується ІТ компаній тому потрібно опитувати також і їх,  вони не будуть зацікавлені в такому наборі бо не знатимуть хто до них прийде, тому як мінімум потрібно буде робити якусь систему тестування для подачі заявки. Якщо розвивати проект, можна добавити фунцію авторизації і люди будуть вказувати дані про себе,  тоді компанії зможуть робити розсилку по певних категоріях, чи шукати собі працівника,  який уже пройшов якесь стажування але не потрапив на роботу."
"2018/10/02 8:28:45 пп GMT","Славік","Чоловік","3 курс","Ні","Ні","Так","5-6%",""
"2018/10/02 8:34:58 пп GMT","Ірина","Жінка","Закінчили ВНЗ","Так","Частково","Так","Не готовий",""
"2018/10/02 8:35:15 пп GMT","Тарас","Чоловік","3 курс","Ні","Частково","Так","3-4%","Класна ідея, було б добре якби таке існувало)"
"2018/10/02 8:38:58 пп GMT","Юрій","Чоловік","2 курс","Ні","Ні","Так","Не готовий",""
"2018/10/02 9:21:12 пп GMT","Леся","Жінка","Закінчили ВНЗ","Так","Ні","Так","1-2%",""
"2018/10/03 3:12:26 дп GMT","Світлана ","Жінка","3 курс","Ні","Частково","Так","3-4%",""
"2018/10/03 3:47:49 дп GMT","Ілля","Чоловік","3 курс","Ні","Ні","Так","1-2%",""
"2018/10/03 5:28:45 дп GMT","Уляна","Жінка","2 курс","Так","Ні","Так","Не готовий",""
"2018/10/03 1:52:37 пп GMT","Павло","Чоловік","1 курс","Ні","Частково","Так","3-4%",""
"2018/10/04 11:12:16 дп GMT","Софія","Жінка","1 курс","Ні","Так","Так","3-4%",""
"2018/10/05 11:10:34 дп GMT","Олег","Чоловік","Закінчили ВНЗ","Так","Так","Так","5-6%",""